country,year,ghg_total,ghg_cap,co2_total,status
Australia,1990,423672.225,24.98,278155.404,OECD
Australia,1991,423733.064,24.651,279529.932,OECD
Australia,1992,427426.084,24.562,284524.959,OECD
Australia,1993,428337.072,24.333,288871.35,OECD
Australia,1994,428818.221,24.093,293696.154,OECD
Australia,1995,437276.554,24.302,305002.588,OECD
Australia,1996,443928.268,24.406,311885.717,OECD
Australia,1997,456015.976,24.801,320282.213,OECD
Australia,1998,469751.524,25.273,334074.452,OECD
Australia,1999,476391.987,25.356,343488.218,OECD
Australia,2000,487777.763,25.684,349635.061,OECD
Australia,2001,495604.31,25.82,357131.934,OECD
Australia,2002,499190.485,25.73,361540.446,OECD
Australia,2003,500599.962,25.509,369279.981,OECD
Australia,2004,517726.514,26.043,382821.98,OECD
Australia,2005,524211.489,25.979,386155.034,OECD
Australia,2006,528038.422,25.725,392385.871,OECD
Australia,2007,534417.835,25.55,399626.195,OECD
Australia,2008,537262.312,25.185,404233.152,OECD
Australia,2009,540381.618,24.844,407067.342,OECD
Australia,2010,535549.224,24.173,405106.166,OECD
Australia,2011,537205.495,23.836,403830.201,OECD
Australia,2012,539511.055,23.555,406152.012,OECD
Australia,2013,530311.914,22.804,397888.448,OECD
Australia,2014,524709.397,22.237,393952.98,OECD
Australia,2015,533063.832,22.274,401499.306,OECD
Australia,2016,542287.865,22.351,410968.52,OECD
Australia,2017,549330.022,22.344,414597.818,OECD
Australia,2018,549731.942,22.079,415339.709,OECD
Australia,2019,545152.518,21.63,416563.533,OECD
Austria,1990,78420.485,10.153,62140.063,OECD
Austria,1991,82082.332,10.56,65738.192,OECD
Austria,1992,75469.271,9.637,60236.456,OECD
Austria,1993,75709.189,9.593,60660.781,OECD
Austria,1994,75958.303,9.558,61034.437,OECD
Austria,1995,79237.977,9.917,64011.231,OECD
Austria,1996,82452.589,10.284,67355.343,OECD
Austria,1997,82116.229,10.223,67252.097,OECD
Austria,1998,81432.85,10.127,66886.986,OECD
Austria,1999,79898.365,9.924,65639.881,OECD
Austria,2000,80129.431,9.93,66138.79,OECD
Austria,2001,84064.719,10.381,70138.688,OECD
Austria,2002,85815.059,10.55,71942.96,OECD
Austria,2003,91306.715,11.168,77450.503,OECD
Austria,2004,90985.234,11.073,77667.97,OECD
Austria,2005,92147.286,11.164,79067.961,OECD
Austria,2006,89728.782,10.83,76796.491,OECD
Austria,2007,86983.941,10.463,74096.973,OECD
Austria,2008,86440.211,10.363,73472.267,OECD
Austria,2009,79779.073,9.529,67290.76,OECD
Austria,2010,84336.718,10.028,72000.29,OECD
Austria,2011,82127.026,9.715,69888.739,OECD
Austria,2012,79432.38,9.343,67263.274,OECD
Austria,2013,79817.174,9.329,67758.606,OECD
Austria,2014,76238.67,8.849,64160.937,OECD
Austria,2015,78462.233,9.041,66351.619,OECD
Austria,2016,79471.008,9.085,67215.457,OECD
Austria,2017,81862.497,9.282,69598.854,OECD
Austria,2018,78627.637,8.843,66565.408,OECD
Austria,2019,79842.253,8.916,67962.416,OECD
Belgium,1990,145719.487,14.562,120307.911,OECD
Belgium,1991,148439.217,14.786,123378.418,OECD
Belgium,1992,148039.147,14.689,122504.884,OECD
Belgium,1993,146897.392,14.517,121438.78,OECD
Belgium,1994,151497.123,14.917,124807.756,OECD
Belgium,1995,153616.79,15.081,125941.718,OECD
Belgium,1996,157323.925,15.411,129480.003,OECD
Belgium,1997,148852.497,14.559,123983.481,OECD
Belgium,1998,154021.163,15.045,130209.029,OECD
Belgium,1999,147789.334,14.411,124700.661,OECD
Belgium,2000,148882.926,14.48,126720.241,OECD
Belgium,2001,147324.612,14.277,126065.433,OECD
Belgium,2002,147412.69,14.222,126864.528,OECD
Belgium,2003,147713.446,14.177,128250.339,OECD
Belgium,2004,148554.793,14.175,128780.768,OECD
Belgium,2005,145561.698,13.801,125640.801,OECD
Belgium,2006,142720.483,13.439,123883.988,OECD
Belgium,2007,139071.662,13,120479.545,OECD
Belgium,2008,138980.223,12.894,120181.246,OECD
Belgium,2009,126325.022,11.632,107711.767,OECD
Belgium,2010,133633.523,12.217,114543.697,OECD
Belgium,2011,123134.282,11.18,105025.678,OECD
Belgium,2012,120385.712,10.86,102385.92,OECD
Belgium,2013,120443.49,10.798,102652.455,OECD
Belgium,2014,114731.996,10.225,96867.692,OECD
Belgium,2015,118959.981,10.539,101055.514,OECD
Belgium,2016,117689.179,10.365,99872.138,OECD
Belgium,2017,117424.303,10.283,99448.135,OECD
Belgium,2018,117894.738,10.268,100227.169,OECD
Belgium,2019,116651.489,10.109,99745.782,OECD
Canada,1990,601523.693,21.841,458007.408,OECD
Canada,1991,595776.726,21.363,449699.173,OECD
Canada,1992,613598.519,21.74,463521.037,OECD
Canada,1993,616798.394,21.606,463993.303,OECD
Canada,1994,638000.47,22.106,478267.071,OECD
Canada,1995,656298.717,22.504,490951.38,OECD
Canada,1996,678714.489,23.04,506999.62,OECD
Canada,1997,691195.367,23.239,521278.446,OECD
Canada,1998,696901.519,23.213,528987.104,OECD
Canada,1999,709600.924,23.417,543729.999,OECD
Canada,2000,733511.337,23.98,566552.294,OECD
Canada,2001,722935.012,23.411,559042.165,OECD
Canada,2002,726555.183,23.303,564669.174,OECD
Canada,2003,744831.887,23.654,582343.586,OECD
Canada,2004,745919.782,23.445,580758.769,OECD
Canada,2005,738718.602,22.967,575852.411,OECD
Canada,2006,730101.935,22.439,571409.763,OECD
Canada,2007,751661.271,22.825,594665.366,OECD
Canada,2008,735692.852,22.068,579367.139,OECD
Canada,2009,693597.904,20.553,546610.441,OECD
Canada,2010,702802.747,20.581,558804.007,OECD
Canada,2011,714078.511,20.674,569870.198,OECD
Canada,2012,717172.39,20.536,569262.731,OECD
Canada,2013,725371.843,20.551,573698.737,OECD
Canada,2014,722557.671,20.26,570563.417,OECD
Canada,2015,723096.018,20.071,573061.376,OECD
Canada,2016,706933.908,19.43,559566.962,OECD
Canada,2017,716092.013,19.495,569360.436,OECD
Canada,2018,728475.89,19.649,579470.372,OECD
Canada,2019,730244.943,19.52,582389.608,OECD
Czech Republic,1990,197071.822,19.058,164202.71,OECD
Czech Republic,1991,178844.048,17.286,148892.387,OECD
Czech Republic,1992,172347.24,16.647,144616.942,OECD
Czech Republic,1993,164722.197,15.902,138634.269,OECD
Czech Republic,1994,157203.955,15.173,132370.351,OECD
Czech Republic,1995,156329.522,15.092,131600.512,OECD
Czech Republic,1996,159347.266,15.395,134954.556,OECD
Czech Republic,1997,154763.379,14.97,130725.01,OECD
Czech Republic,1998,148601.597,14.395,125308.969,OECD
Czech Republic,1999,139029.962,13.49,116614.327,OECD
Czech Republic,2000,149272.311,14.507,127127.423,OECD
Czech Republic,2001,149299.899,14.536,127024.288,OECD
Czech Republic,2002,145657.977,14.207,123940.088,OECD
Czech Republic,2003,148734.468,14.526,127413.414,OECD
Czech Republic,2004,149763.235,14.626,128169.219,OECD
Czech Republic,2005,147727.535,14.401,125678.621,OECD
Czech Republic,2006,148953.578,14.463,126493.458,OECD
Czech Republic,2007,150776.589,14.557,128307.2,OECD
Czech Republic,2008,145889.002,13.994,122995.055,OECD
Czech Republic,2009,136853.377,13.048,115238.793,OECD
Czech Republic,2010,139605.899,13.25,117603.433,OECD
Czech Republic,2011,138068.888,13.067,115167.624,OECD
Czech Republic,2012,134138.667,12.677,111289.362,OECD
Czech Republic,2013,128691.89,12.156,106525.802,OECD
Czech Republic,2014,126563.24,11.95,104094.9,OECD
Czech Republic,2015,127972.207,12.071,104864.605,OECD
Czech Republic,2016,129584.954,12.203,106685.441,OECD
Czech Republic,2017,130460.077,12.26,107612.791,OECD
Czech Republic,2018,128554.624,12.053,106131.6,OECD
Czech Republic,2019,122638.506,11.473,100812.345,OECD
Denmark,1990,71097.66,13.829,54867.283,OECD
Denmark,1991,81729.443,15.855,65448.501,OECD
Denmark,1992,75740.174,14.645,59615.215,OECD
Denmark,1993,77874.647,15.003,61701.254,OECD
Denmark,1994,81785.958,15.694,65719.603,OECD
Denmark,1995,78838.283,15.066,62677.376,OECD
Denmark,1996,92007.518,17.509,76009.901,OECD
Denmark,1997,82562.009,15.644,66625.721,OECD
Denmark,1998,78535.825,14.817,62416.556,OECD
Denmark,1999,76048.653,14.29,59860.042,OECD
Denmark,2000,71748.145,13.433,55626.008,OECD
Denmark,2001,73469.763,13.712,57337.882,OECD
Denmark,2002,72887.115,13.566,56907.258,OECD
Denmark,2003,77956.067,14.471,62069.753,OECD
Denmark,2004,71987.693,13.324,56511.354,OECD
Denmark,2005,67601.074,12.469,52944.292,OECD
Denmark,2006,75303.396,13.832,60871.449,OECD
Denmark,2007,70731.516,12.931,56116.564,OECD
Denmark,2008,67137.435,12.212,52638.143,OECD
Denmark,2009,64331.302,11.641,50180.881,OECD
Denmark,2010,64664.109,11.641,50697.42,OECD
Denmark,2011,59429.582,10.645,45671.152,OECD
Denmark,2012,54837.684,9.773,41235.644,OECD
Denmark,2013,56560.81,10.032,43096.587,OECD
Denmark,2014,52332.146,9.239,38883.727,OECD
Denmark,2015,49737.646,8.743,36517.248,OECD
Denmark,2016,51764.355,9.063,38324.651,OECD
Denmark,2017,49648.88,8.661,36235.171,OECD
Denmark,2018,49621.299,8.627,36266.934,OECD
Denmark,2019,45812.179,7.937,32540.5,OECD
Finland,1990,71075.014,14.226,56968.38,OECD
Finland,1991,68976.834,13.743,55230.404,OECD
Finland,1992,67537.167,13.387,54284.403,OECD
Finland,1993,69802.06,13.763,56348.154,OECD
Finland,1994,75330.903,14.779,61711.042,OECD
Finland,1995,71663.003,13.999,58139.983,OECD
Finland,1996,77655.589,15.117,64056.529,OECD
Finland,1997,76353.404,14.821,62719.213,OECD
Finland,1998,72656.178,14.069,59369.603,OECD
Finland,1999,72039.285,13.918,58891.935,OECD
Finland,2000,70162.591,13.524,57038.198,OECD
Finland,2001,75489.949,14.516,62536.132,OECD
Finland,2002,77917.81,14.946,65059.823,OECD
Finland,2003,85538.071,16.364,72657.796,OECD
Finland,2004,81850.126,15.614,68960.708,OECD
Finland,2005,69851.381,13.282,57047.263,OECD
Finland,2006,81228.181,15.391,68389.147,OECD
Finland,2007,79574.361,15.02,66765.402,OECD
Finland,2008,71465.371,13.435,58616.619,OECD
Finland,2009,67828.412,12.697,55936.521,OECD
Finland,2010,75621.632,14.093,64103.398,OECD
Finland,2011,67876.634,12.593,56666.649,OECD
Finland,2012,62402.31,11.524,51229.342,OECD
Finland,2013,62797.269,11.546,51728.113,OECD
Finland,2014,58659.758,10.741,47644.671,OECD
Finland,2015,55087.277,10.05,44126.333,OECD
Finland,2016,58007.003,10.551,47229.214,OECD
Finland,2017,55230.181,10.021,44652.056,OECD
Finland,2018,56281.82,10.191,45848.982,OECD
Finland,2019,53021.247,9.584,42546.042,OECD
France,1990,547127.832,9.655,400186.174,OECD
France,1991,573267.011,10.073,424882.231,OECD
France,1992,562724.815,9.847,415122.418,OECD
France,1993,541994.083,9.447,396287.215,OECD
France,1994,534183.166,9.276,389918.316,OECD
France,1995,540263.492,9.347,395370.787,OECD
France,1996,558535.535,9.628,411902.611,OECD
France,1997,551315.862,9.469,405047.429,OECD
France,1998,564794.562,9.664,424187.158,OECD
France,1999,558542.131,9.514,422082.342,OECD
France,2000,552419.158,9.361,416850.081,OECD
France,2001,557716.368,9.392,422024.608,OECD
France,2002,551773.935,9.226,417929.096,OECD
France,2003,556025.604,9.228,424006.487,OECD
France,2004,554919.878,9.142,425626.945,OECD
France,2005,555961.774,9.096,428636.872,OECD
France,2006,545436.421,8.868,418929.213,OECD
France,2007,535685.045,8.658,408920.467,OECD
France,2008,528370.733,8.493,401487.602,OECD
France,2009,506423.663,8.097,382594.524,OECD
France,2010,513461.779,8.166,391248.7,OECD
France,2011,488902.163,7.733,368643.094,OECD
France,2012,490286.174,7.713,370713.994,OECD
France,2013,491502.989,7.693,372345.296,OECD
France,2014,461188.525,7.184,341529.472,OECD
France,2015,464205.673,7.202,345684.686,OECD
France,2016,467059.995,7.222,350066.716,OECD
France,2017,470564.316,7.257,353366.941,OECD
France,2018,452034.456,6.955,338989.748,OECD
France,2019,442984.668,6.802,332503.416,OECD
Germany,1990,1248576.919,15.794,1052476.835,OECD
Germany,1991,1202060.546,15.122,1014224.521,OECD
Germany,1992,1152179.824,14.409,965893.262,OECD
Germany,1993,1142845.266,14.209,956132.116,OECD
Germany,1994,1124864.862,13.916,939814.629,OECD
Germany,1995,1120555.248,13.81,938968.408,OECD
Germany,1996,1138786.137,14.003,959151.308,OECD
Germany,1997,1103880.945,13.561,931324.201,OECD
Germany,1998,1078775.632,13.252,923356.691,OECD
Germany,1999,1044927.444,12.839,895874.334,OECD
Germany,2000,1042612.087,12.808,899852.056,OECD
Germany,2001,1058745.059,12.998,916648.522,OECD
Germany,2002,1037234.571,12.721,899971.399,OECD
Germany,2003,1034137.576,12.671,901151.903,OECD
Germany,2004,1017525.748,12.463,887089.127,OECD
Germany,2005,992529.515,12.163,866697.224,OECD
Germany,2006,999354.674,12.266,878320.43,OECD
Germany,2007,973768.627,11.981,851624.329,OECD
Germany,2008,974780.347,12.025,854927.145,OECD
Germany,2009,908688.445,11.232,790294.719,OECD
Germany,2010,941805.336,11.652,832949.108,OECD
Germany,2011,917273.599,11.345,809216.919,OECD
Germany,2012,923342.027,11.403,813984.654,OECD
Germany,2013,940419.539,11.585,831453.838,OECD
Germany,2014,901255.144,11.065,792587.77,OECD
Germany,2015,904261.811,11.056,795610.215,OECD
Germany,2016,907967.906,11.047,800686.632,OECD
Germany,2017,892075.667,10.792,785882.918,OECD
Germany,2018,855890.413,10.296,754111.607,OECD
Germany,2019,809798.537,9.696,711427.809,OECD
Greece,1990,103289.457,10.101,83425.552,OECD
Greece,1991,103344.246,10.019,83401.121,OECD
Greece,1992,104588.354,10.037,84982.711,OECD
Greece,1993,104188.433,9.891,84296.366,OECD
Greece,1994,106975.033,10.049,86442.177,OECD
Greece,1995,109310.877,10.173,86979.098,OECD
Greece,1996,112456.892,10.382,89132.008,OECD
Greece,1997,117357.197,10.761,93820.932,OECD
Greece,1998,122954.804,11.208,98641.499,OECD
Greece,1999,123112.81,11.164,97958.378,OECD
Greece,2000,126470.876,11.412,102999.026,OECD
Greece,2001,127524.659,11.453,105385.7,OECD
Greece,2002,127540.101,11.406,105020.957,OECD
Greece,2003,131279.631,11.702,109089.754,OECD
Greece,2004,131960.688,11.746,109546.749,OECD
Greece,2005,136423.686,12.154,113930.967,OECD
Greece,2006,132517.991,11.848,112472.438,OECD
Greece,2007,135149.006,12.153,114592.335,OECD
Greece,2008,131825.164,11.94,111125.242,OECD
Greece,2009,124619.085,11.371,104354.753,OECD
Greece,2010,118500.038,10.884,97361.427,OECD
Greece,2011,115571.725,10.672,94549.566,OECD
Greece,2012,112305.519,10.417,91430.548,OECD
Greece,2013,102684.379,9.56,81736.129,OECD
Greece,2014,99257.806,9.275,78662.108,OECD
Greece,2015,95463.979,8.956,74961.086,OECD
Greece,2016,91821.836,8.65,71372.744,OECD
Greece,2017,95600.993,9.045,74855.081,OECD
Greece,2018,92308.345,8.773,71807.547,OECD
Greece,2019,85630.943,8.176,65735.923,OECD
Hungary,1990,94786.968,9.134,73225.5,OECD
Hungary,1991,88314.62,8.522,69656.214,OECD
Hungary,1992,78141.774,7.544,62084.798,OECD
Hungary,1993,79352.656,7.66,63389.238,OECD
Hungary,1994,78422.091,7.571,61786.518,OECD
Hungary,1995,77193.25,7.459,61391.277,OECD
Hungary,1996,79547.54,7.699,63024.745,OECD
Hungary,1997,78006.785,7.567,61623.522,OECD
Hungary,1998,77397.317,7.529,61163.628,OECD
Hungary,1999,77819.98,7.593,61663.704,OECD
Hungary,2000,74916.734,7.33,58365.11,OECD
Hungary,2001,76856.848,7.54,59968.172,OECD
Hungary,2002,75137.621,7.39,59004.668,OECD
Hungary,2003,78042.773,7.696,61756.139,OECD
Hungary,2004,76960.886,7.609,60132.085,OECD
Hungary,2005,76717.556,7.606,60277.822,OECD
Hungary,2006,75506.652,7.509,59641.574,OECD
Hungary,2007,73725.543,7.355,58553.641,OECD
Hungary,2008,71584.008,7.164,57248.081,OECD
Hungary,2009,65402.833,6.567,51470.656,OECD
Hungary,2010,66056.582,6.654,52068.804,OECD
Hungary,2011,64354.137,6.503,50191.342,OECD
Hungary,2012,60957.506,6.18,46757.505,OECD
Hungary,2013,58068.181,5.905,43590.214,OECD
Hungary,2014,58407.722,5.957,43678.123,OECD
Hungary,2015,61516.67,6.291,46614.82,OECD
Hungary,2016,62258.59,6.384,47072.006,OECD
Hungary,2017,64716.416,6.651,49452.258,OECD
Hungary,2018,64735.401,6.669,49407.953,OECD
Hungary,2019,64433.168,6.653,49079.712,OECD
Iceland,1990,3682.904,14.44,2228.425,OECD
Iceland,1991,3466.166,13.455,2106.051,OECD
Iceland,1992,3380.968,12.996,2254.963,OECD
Iceland,1993,3466.099,13.197,2411.258,OECD
Iceland,1994,3398.241,12.817,2364.69,OECD
Iceland,1995,3513.109,13.127,2467.1,OECD
Iceland,1996,3571.737,13.222,2522.576,OECD
Iceland,1997,3739.403,13.712,2618.531,OECD
Iceland,1998,3883.436,14.107,2637.554,OECD
Iceland,1999,4105.315,14.774,2840.387,OECD
Iceland,2000,4126.797,14.715,2932.131,OECD
Iceland,2001,4018.743,14.205,2863.426,OECD
Iceland,2002,4113.316,14.416,2991.283,OECD
Iceland,2003,4073.432,14.146,2984.898,OECD
Iceland,2004,4174.595,14.341,3109.114,OECD
Iceland,2005,4022.908,13.638,2976.356,OECD
Iceland,2006,4606.476,15.369,3152.914,OECD
Iceland,2007,4901.098,16.06,3496.09,OECD
Iceland,2008,5299.941,17.049,3811.449,OECD
Iceland,2009,4966.278,15.713,3727.679,OECD
Iceland,2010,4866.266,15.191,3624.647,OECD
Iceland,2011,4647.058,14.366,3501.314,OECD
Iceland,2012,4657.364,14.302,3496.829,OECD
Iceland,2013,4654.388,14.225,3482.726,OECD
Iceland,2014,4685.661,14.26,3459.26,OECD
Iceland,2015,4763.991,14.426,3536.22,OECD
Iceland,2016,4716.622,14.198,3487.423,OECD
Iceland,2017,4795.416,14.341,3604.886,OECD
Iceland,2018,4822.188,14.321,3663.377,OECD
Iceland,2019,4722.349,13.929,3550.747,OECD
Ireland,1990,54400.316,15.495,32943.604,OECD
Ireland,1991,55210.266,15.695,33673.494,OECD
Ireland,1992,55196.531,15.637,33494.498,OECD
Ireland,1993,55739.946,15.715,33715.571,OECD
Ireland,1994,57215.058,16.036,34837.654,OECD
Ireland,1995,58740.88,16.352,35852.203,OECD
Ireland,1996,60904.768,16.826,37468.513,OECD
Ireland,1997,62361.153,17.08,38804.279,OECD
Ireland,1998,64942.465,17.61,40708.288,OECD
Ireland,1999,66202.868,17.742,42439.518,OECD
Ireland,2000,68458.71,18.096,45248.509,OECD
Ireland,2001,70487.205,18.345,47606.827,OECD
Ireland,2002,68623.046,17.56,46080.8,OECD
Ireland,2003,69032.774,17.345,45683.185,OECD
Ireland,2004,68384.547,16.851,46165.841,OECD
Ireland,2005,70264.34,16.967,48155.797,OECD
Ireland,2006,69620.584,16.456,47603.979,OECD
Ireland,2007,68591.568,15.861,47663.727,OECD
Ireland,2008,68131.457,15.429,47366.674,OECD
Ireland,2009,62356.374,13.874,42180.319,OECD
Ireland,2010,61949.414,13.602,41793.915,OECD
Ireland,2011,57793.584,12.588,38097.299,OECD
Ireland,2012,58785.136,12.757,38241.975,OECD
Ireland,2013,58570.583,12.69,37291.763,OECD
Ireland,2014,58062.568,12.549,36909.012,OECD
Ireland,2015,60431.953,12.989,38687.772,OECD
Ireland,2016,62475.137,13.304,40155.799,OECD
Ireland,2017,62114.861,13.068,39133.421,OECD
Ireland,2018,62526.014,12.976,39195.155,OECD
Ireland,2019,59777.64,12.243,37275.319,OECD
Italy,1990,518720.442,9.093,439549.775,OECD
Italy,1991,519790.529,9.105,439094.031,OECD
Italy,1992,518700.845,9.077,439315.218,OECD
Italy,1993,511619.709,8.945,431604.727,OECD
Italy,1994,505633.367,8.838,425796.75,OECD
Italy,1995,532004.114,9.305,449826.011,OECD
Italy,1996,526379.219,9.224,444029.28,OECD
Italy,1997,534061.586,9.385,449754.083,OECD
Italy,1998,546488.845,9.631,461945.883,OECD
Italy,1999,551759.949,9.739,466424.826,OECD
Italy,2000,555466.295,9.798,470493.152,OECD
Italy,2001,557199.401,9.797,470575.948,OECD
Italy,2002,563138.014,9.848,478005.096,OECD
Italy,2003,582409.713,10.117,495964.765,OECD
Italy,2004,587933.317,10.146,501567.832,OECD
Italy,2005,589071.61,10.107,502259.537,OECD
Italy,2006,578514.651,9.882,496891.877,OECD
Italy,2007,573010.142,9.754,490602.557,OECD
Italy,2008,560119.142,9.506,478902.802,OECD
Italy,2009,505218.989,8.548,424738.934,OECD
Italy,2010,516473.733,8.706,436153.683,OECD
Italy,2011,503645.262,8.452,424277.527,OECD
Italy,2012,484218.017,8.087,403447.214,OECD
Italy,2013,449178.935,7.466,369834.337,OECD
Italy,2014,427930.412,7.084,349581.755,OECD
Italy,2015,440436.701,7.271,361302.482,OECD
Italy,2016,437696.091,7.215,358060.743,OECD
Italy,2017,432713.736,7.132,352849.912,OECD
Italy,2018,428549.346,7.069,349020.446,OECD
Italy,2019,418280.596,6.908,339772.171,OECD
Japan,1990,1269015.303,10.192,1158007.407,OECD
Japan,1991,1283386.635,10.273,1169691.855,OECD
Japan,1992,1295604.147,10.337,1179396.064,OECD
Japan,1993,1291284.868,10.272,1172339.471,OECD
Japan,1994,1352190.749,10.727,1227273.012,OECD
Japan,1995,1373757.629,10.871,1239619.832,OECD
Japan,1996,1386211.81,10.946,1251530.853,OECD
Japan,1997,1378930.079,10.867,1244781.173,OECD
Japan,1998,1330542.771,10.467,1204993.482,OECD
Japan,1999,1353959.952,10.634,1241611.492,OECD
Japan,2000,1373754.865,10.773,1264374.642,OECD
Japan,2001,1348108.691,10.556,1249766.267,OECD
Japan,2002,1372028.548,10.728,1279120.141,OECD
Japan,2003,1378772.439,10.767,1287467.746,OECD
Japan,2004,1370202.426,10.688,1282861.601,OECD
Japan,2005,1377912.873,10.738,1290371.061,OECD
Japan,2006,1356610.44,10.564,1267361.874,OECD
Japan,2007,1391882.93,10.832,1303134.177,OECD
Japan,2008,1319257.637,10.264,1232313.73,OECD
Japan,2009,1247100.644,9.701,1163212.931,OECD
Japan,2010,1300451.713,10.117,1214816.233,OECD
Japan,2011,1351251.655,10.516,1264866.099,OECD
Japan,2012,1394043.993,10.855,1306009.842,OECD
Japan,2013,1405888.605,10.957,1315342.658,OECD
Japan,2014,1356588.537,10.584,1263728.759,OECD
Japan,2015,1318516.697,10.302,1223396.445,OECD
Japan,2016,1301855.892,10.19,1203717.88,OECD
Japan,2017,1288528.719,10.106,1188122.842,OECD
Japan,2018,1245020.887,9.788,1143457.876,OECD
Japan,2019,1209493.354,9.534,1105881.136,OECD
Korea,1990,292190.35,6.808,252002.88,OECD
Korea,1991,315459.8,7.273,274861.8,OECD
Korea,1992,343481.57,7.833,299744.63,OECD
Korea,1993,378674.17,8.541,334701.25,OECD
Korea,1994,403690.03,9.007,356992.54,OECD
Korea,1995,433892.37,9.58,384233.36,OECD
Korea,1996,470463.21,10.283,418613.91,OECD
Korea,1997,502115.45,10.869,446193.4,OECD
Korea,1998,431531.81,9.256,379360.75,OECD
Korea,1999,469518.96,9.986,411469,OECD
Korea,2000,502865.87,10.614,443681.81,OECD
Korea,2001,516143.48,10.819,459384.75,OECD
Korea,2002,538627.47,11.222,478865.85,OECD
Korea,2003,548987.64,11.375,487344.31,OECD
Korea,2004,557255.12,11.491,492765.43,OECD
Korea,2005,560923.34,11.518,497467.64,OECD
Korea,2006,567309.24,11.606,504051.24,OECD
Korea,2007,580751.92,11.844,524355.01,OECD
Korea,2008,593853.57,12.074,537698.84,OECD
Korea,2009,597982.54,12.118,542206.22,OECD
Korea,2010,656322.62,13.247,595324.89,OECD
Korea,2011,684929.54,13.757,625949.96,OECD
Korea,2012,688308.06,13.749,627798,OECD
Korea,2013,697383.69,13.852,636655.51,OECD
Korea,2014,691932.56,13.672,629870.62,OECD
Korea,2015,692514.57,13.626,634340.56,OECD
Korea,2016,693534.82,13.603,637393.67,OECD
Korea,2017,709749.97,13.89,650156.47,OECD
Korea,2018,727633.3,14.219,664727.24,OECD
Korea,2019,727633.3,14.219,664727.24,OECD
Luxembourg,1990,12727.382,33.337,11823.338,OECD
Luxembourg,1991,13371.039,34.608,12443.139,OECD
Luxembourg,1992,13134.732,33.558,12209.704,OECD
Luxembourg,1993,13286.216,33.483,12354.743,OECD
Luxembourg,1994,12458.125,30.957,11542.458,OECD
Luxembourg,1995,10084.079,24.707,9151.714,OECD
Luxembourg,1996,10148.6,24.514,9201.608,OECD
Luxembourg,1997,9495.632,22.61,8553.962,OECD
Luxembourg,1998,8614.775,20.231,7675.93,OECD
Luxembourg,1999,9079.656,21.054,8127.845,OECD
Luxembourg,2000,9658.183,22.146,8709.917,OECD
Luxembourg,2001,10151.682,23.062,9207.449,OECD
Luxembourg,2002,10928.762,24.629,9983.581,OECD
Luxembourg,2003,11373.286,25.425,10458.916,OECD
Luxembourg,2004,12765.152,28.253,11828.91,OECD
Luxembourg,2005,13005.053,28.405,12087.022,OECD
Luxembourg,2006,12836.665,27.57,11919.754,OECD
Luxembourg,2007,12253.912,25.802,11316.965,OECD
Luxembourg,2008,12141.35,25.013,11183.688,OECD
Luxembourg,2009,11596.397,23.354,10638.338,OECD
Luxembourg,2010,12176.419,23.975,11207.25,OECD
Luxembourg,2011,12052.771,23.209,11102.383,OECD
Luxembourg,2012,11807.439,22.243,10866.201,OECD
Luxembourg,2013,11270.395,20.773,10320.571,OECD
Luxembourg,2014,10807.255,19.49,9836.045,OECD
Luxembourg,2015,10324.431,18.217,9347.989,OECD
Luxembourg,2016,10082.897,17.406,9092.741,OECD
Luxembourg,2017,10266.982,17.346,9261.344,OECD
Luxembourg,2018,10565.227,17.485,9568.44,OECD
Luxembourg,2019,10742.797,17.447,9752.16,OECD
Mexico,1990,444741.575,5.298,315031.797,OECD
Mexico,1991,453231.869,5.3,324010.532,OECD
Mexico,1992,455133.315,5.227,326840.444,OECD
Mexico,1993,458498.731,5.173,327860.262,OECD
Mexico,1994,482721.509,5.354,349396.331,OECD
Mexico,1995,471385.13,5.143,337769.711,OECD
Mexico,1996,493529.774,5.298,356894.998,OECD
Mexico,1997,517909.703,5.474,378736.056,OECD
Mexico,1998,543847.606,5.662,400804.503,OECD
Mexico,1999,529229.895,5.429,389663.344,OECD
Mexico,2000,544660.103,5.507,401749.832,OECD
Mexico,2001,537610.978,5.36,393767.154,OECD
Mexico,2002,557652.412,5.484,412400.944,OECD
Mexico,2003,563298.299,5.465,414699.13,OECD
Mexico,2004,574316.756,5.495,426025.356,OECD
Mexico,2005,592587.216,5.59,438647.538,OECD
Mexico,2006,616361.7,5.73,458530.361,OECD
Mexico,2007,646665.303,5.923,483622.984,OECD
Mexico,2008,691822.339,6.243,525982.452,OECD
Mexico,2009,671577.378,5.971,499607.213,OECD
Mexico,2010,669084.029,5.864,491941.902,OECD
Mexico,2011,681190.359,5.888,496879.048,OECD
Mexico,2012,673721.904,5.745,493437.749,OECD
Mexico,2013,683120.592,5.749,499186.33,OECD
Mexico,2014,686159.5,5.701,498866.121,OECD
Mexico,2015,699564.266,5.741,503473.799,OECD
Mexico,2016,699564.266,5.741,503473.799,OECD
Mexico,2017,699564.266,5.741,503473.799,OECD
Mexico,2018,699564.266,5.741,503473.799,OECD
Mexico,2019,699564.266,5.741,503473.799,OECD
Netherlands,1990,219604.102,14.674,161806.917,OECD
Netherlands,1991,227263.863,15.086,170227.322,OECD
Netherlands,1992,227948.362,15.03,170015.192,OECD
Netherlands,1993,228694.788,14.979,170206.051,OECD
Netherlands,1994,229571.52,14.937,170787.871,OECD
Netherlands,1995,229639.345,14.846,172300.37,OECD
Netherlands,1996,240424.692,15.448,181452.864,OECD
Netherlands,1997,232386.437,14.844,174493.997,OECD
Netherlands,1998,232779.113,14.784,175462.952,OECD
Netherlands,1999,219336.645,13.851,169936.664,OECD
Netherlands,2000,217577.763,13.662,171085.017,OECD
Netherlands,2001,218271.568,13.627,176210.616,OECD
Netherlands,2002,216093.444,13.413,175571.321,OECD
Netherlands,2003,216742.958,13.378,179009.426,OECD
Netherlands,2004,218288.462,13.402,180896.327,OECD
Netherlands,2005,212553.1,12.987,176922.45,OECD
Netherlands,2006,207510.088,12.622,172098.275,OECD
Netherlands,2007,205894.054,12.473,171881.079,OECD
Netherlands,2008,205315.854,12.392,174861.967,OECD
Netherlands,2009,199722.195,12.012,169538.599,OECD
Netherlands,2010,211675.152,12.688,181537.586,OECD
Netherlands,2011,197327.07,11.789,168271.312,OECD
Netherlands,2012,193081.483,11.499,164700.439,OECD
Netherlands,2013,193387.532,11.481,164684.571,OECD
Netherlands,2014,185617.271,10.988,157663.217,OECD
Netherlands,2015,192712.73,11.377,164199.889,OECD
Netherlands,2016,193101.018,11.371,164925.247,OECD
Netherlands,2017,190567.47,11.196,162610.064,OECD
Netherlands,2018,186318.55,10.922,159020.034,OECD
Netherlands,2019,180309.093,10.546,153153.776,OECD
New Zealand,1990,65129.227,19.166,25649.309,OECD
New Zealand,1991,66005.337,19.153,26332.77,OECD
New Zealand,1992,67153.485,19.169,28274.938,OECD
New Zealand,1993,66913.439,18.772,27862.725,OECD
New Zealand,1994,68135.376,18.805,28027.524,OECD
New Zealand,1995,68913.125,18.752,28148.848,OECD
New Zealand,1996,70973.413,19.092,29377.311,OECD
New Zealand,1997,73669.126,19.633,31326.236,OECD
New Zealand,1998,71569.278,18.914,29930.578,OECD
New Zealand,1999,73366.381,19.215,31537.744,OECD
New Zealand,2000,75397.631,19.538,32339.419,OECD
New Zealand,2001,78386.356,20.058,34490.005,OECD
New Zealand,2002,78563.492,19.823,34659.519,OECD
New Zealand,2003,80733.638,20.073,36300.95,OECD
New Zealand,2004,80548.785,19.74,35953.304,OECD
New Zealand,2005,82486.172,19.947,37553.454,OECD
New Zealand,2006,82518.413,19.714,37543.425,OECD
New Zealand,2007,80522.566,19.022,36657.303,OECD
New Zealand,2008,80605.445,18.841,37713.283,OECD
New Zealand,2009,77881.951,18.014,34882.46,OECD
New Zealand,2010,78316.411,17.921,35031.266,OECD
New Zealand,2011,78149.235,17.686,34497.004,OECD
New Zealand,2012,80446.278,18.003,36137.911,OECD
New Zealand,2013,79827.771,17.667,35304.681,OECD
New Zealand,2014,80673.998,17.663,35531.369,OECD
New Zealand,2015,80724.436,17.494,36071.297,OECD
New Zealand,2016,78678.362,16.886,34304.683,OECD
New Zealand,2017,80281.999,17.074,35854.823,OECD
New Zealand,2018,80578.309,16.988,35789.215,OECD
New Zealand,2019,82317.876,17.21,37494.502,OECD
Norway,1990,51475.106,12.12,35332.188,OECD
Norway,1991,49182.334,11.52,33802.86,OECD
Norway,1992,47494.567,11.064,34704.39,OECD
Norway,1993,49400.788,11.444,36210.871,OECD
Norway,1994,51279.681,11.811,38092.981,OECD
Norway,1995,51623.59,11.821,38702.734,OECD
Norway,1996,54614.658,12.432,41838.336,OECD
Norway,1997,54631.173,12.359,41999.343,OECD
Norway,1998,54779.968,12.317,42225.977,OECD
Norway,1999,55736.95,12.458,42984.711,OECD
Norway,2000,55117.392,12.25,42536.631,OECD
Norway,2001,56349.069,12.458,43873.684,OECD
Norway,2002,55222.377,12.147,42991.662,OECD
Norway,2003,55762.839,12.202,44312.871,OECD
Norway,2004,56151.194,12.212,44634.919,OECD
Norway,2005,55269.621,11.931,43853.071,OECD
Norway,2006,55238.379,11.821,44422.18,OECD
Norway,2007,56895.398,12.056,46148.748,OECD
Norway,2008,55442.355,11.621,45294.704,OECD
Norway,2009,53053.84,10.991,43794.775,OECD
Norway,2010,55265.593,11.311,46202.813,OECD
Norway,2011,54509.566,11.016,45526.2,OECD
Norway,2012,53998.113,10.77,45031.726,OECD
Norway,2013,53989.102,10.629,45042.127,OECD
Norway,2014,53863.144,10.475,45000.97,OECD
Norway,2015,54125.115,10.409,45372.298,OECD
Norway,2016,53095.067,10.112,44435.168,OECD
Norway,2017,52089.482,9.835,43631.236,OECD
Norway,2018,52211.459,9.781,43883.506,OECD
Norway,2019,50333.98,9.358,42218.272,OECD
Poland,1990,475862.932,12.536,376807.799,OECD
Poland,1991,463790.868,12.178,373827.919,OECD
Poland,1992,451015.94,11.807,364740.656,OECD
Poland,1993,450911.259,11.773,365441.73,OECD
Poland,1994,445289.046,11.599,360510.921,OECD
Poland,1995,447309.063,11.631,362877.091,OECD
Poland,1996,461109.528,11.974,377563.442,OECD
Poland,1997,451022.73,11.701,367508.322,OECD
Poland,1998,420681.52,10.909,339346.464,OECD
Poland,1999,409182.564,10.609,329535.926,OECD
Poland,2000,396594.906,10.286,317691.568,OECD
Poland,2001,395187.645,10.257,313822.673,OECD
Poland,2002,385455.074,10.015,306583.828,OECD
Poland,2003,399258.841,10.386,319597.675,OECD
Poland,2004,404900.887,10.544,324413.22,OECD
Poland,2005,405225.248,10.561,323384.819,OECD
Poland,2006,420408.332,10.961,337289.642,OECD
Poland,2007,420268.918,10.958,336705.592,OECD
Poland,2008,413750.428,10.787,330453.984,OECD
Poland,2009,394713.898,10.292,316840.28,OECD
Poland,2010,413501.547,10.788,334887.52,OECD
Poland,2011,412488.954,10.774,334305.815,OECD
Poland,2012,404975.672,10.594,326702.135,OECD
Poland,2013,401638.242,10.526,322614.415,OECD
Poland,2014,388929.074,10.21,310280.09,OECD
Poland,2015,390815.884,10.275,313419.083,OECD
Poland,2016,400421.284,10.54,324341.69,OECD
Poland,2017,414819.409,10.93,337682.844,OECD
Poland,2018,411852.174,10.861,336992.311,OECD
Poland,2019,390744.668,10.313,319520.975,OECD
Portugal,1990,58783.775,5.941,45333.912,OECD
Portugal,1991,60689.037,6.12,47152.078,OECD
Portugal,1992,64536.041,6.485,50981.725,OECD
Portugal,1993,63027.644,6.305,49496.39,OECD
Portugal,1994,63924.867,6.364,50276.505,OECD
Portugal,1995,68588.141,6.797,54543.421,OECD
Portugal,1996,66294.631,6.542,51837.534,OECD
Portugal,1997,69473.467,6.828,54711.152,OECD
Portugal,1998,74333.267,7.278,59267.636,OECD
Portugal,1999,82400.444,8.036,66906.352,OECD
Portugal,2000,81668.105,7.931,65697.82,OECD
Portugal,2001,81199.88,7.852,65264.097,OECD
Portugal,2002,85719.943,8.253,69748.703,OECD
Portugal,2003,80429.33,7.712,64654.42,OECD
Portugal,2004,83559.559,7.98,67494.689,OECD
Portugal,2005,85704.337,8.156,69713.156,OECD
Portugal,2006,80871.671,7.671,64926.555,OECD
Portugal,2007,78593.007,7.433,62447.181,OECD
Portugal,2008,76195.153,7.191,60122.801,OECD
Portugal,2009,73008.695,6.885,57223.565,OECD
Portugal,2010,68727.03,6.486,53016.778,OECD
Portugal,2011,67319.085,6.369,51814.667,OECD
Portugal,2012,65404.627,6.213,49979.321,OECD
Portugal,2013,63542.232,6.067,48181.541,OECD
Portugal,2014,63439.831,6.089,47961.895,OECD
Portugal,2015,67586.669,6.519,52289.892,OECD
Portugal,2016,65741.584,6.367,50458.265,OECD
Portugal,2017,70790.721,6.881,55230.716,OECD
Portugal,2018,67131.787,6.545,51492.414,OECD
Portugal,2019,63469.977,6.207,47629.084,OECD
Slovak Republic,1990,73386.165,13.877,61475.359,OECD
Slovak Republic,1991,63926.603,12.041,53282.005,OECD
Slovak Republic,1992,58212.793,10.924,48875.446,OECD
Slovak Republic,1993,54796.039,10.248,46332.794,OECD
Slovak Republic,1994,52323.026,9.756,43731.639,OECD
Slovak Republic,1995,52888.942,9.839,44174.112,OECD
Slovak Republic,1996,52723.113,9.791,44041.773,OECD
Slovak Republic,1997,52634.994,9.763,44171.521,OECD
Slovak Republic,1998,51948.771,9.629,43931.936,OECD
Slovak Republic,1999,50561.42,9.367,43061.279,OECD
Slovak Republic,2000,48669.911,9.014,41152.237,OECD
Slovak Republic,2001,50925.393,9.431,43245.27,OECD
Slovak Republic,2002,49526.699,9.171,41974.8,OECD
Slovak Republic,2003,49680.81,9.2,42306.683,OECD
Slovak Republic,2004,50409.473,9.336,42787.218,OECD
Slovak Republic,2005,50357.194,9.327,42792.585,OECD
Slovak Republic,2006,50267.53,9.311,42557.319,OECD
Slovak Republic,2007,48477.945,8.98,40976.332,OECD
Slovak Republic,2008,48898.519,9.056,41372.972,OECD
Slovak Republic,2009,44706.176,8.277,37634.92,OECD
Slovak Republic,2010,45363.929,8.394,38411.715,OECD
Slovak Republic,2011,44555.466,8.237,37999.489,OECD
Slovak Republic,2012,42309.221,7.813,35921.155,OECD
Slovak Republic,2013,41862.564,7.721,35507.167,OECD
Slovak Republic,2014,39862.99,7.343,33591.137,OECD
Slovak Republic,2015,40712.461,7.49,34410.632,OECD
Slovak Republic,2016,41112.124,7.555,34855.945,OECD
Slovak Republic,2017,42226.703,7.751,36030.606,OECD
Slovak Republic,2018,42159.127,7.731,36029.541,OECD
Slovak Republic,2019,39948.333,7.321,33773.451,OECD
Spain,1990,290001.467,7.398,231194.161,OECD
Spain,1991,297748.42,7.576,240932.255,OECD
Spain,1992,307391.545,7.8,249831.357,OECD
Spain,1993,296709.525,7.505,241208.987,OECD
Spain,1994,313335.539,7.901,253688.033,OECD
Spain,1995,329350.69,8.278,267458.288,OECD
Spain,1996,321413.46,8.054,254883.195,OECD
Spain,1997,335792.943,8.387,267420.095,OECD
Spain,1998,345414.753,8.592,276064.762,OECD
Spain,1999,372592.113,9.21,299540.265,OECD
Spain,2000,388211.543,9.509,311384.586,OECD
Spain,2001,385643.065,9.333,313343.951,OECD
Spain,2002,403700.67,9.63,333447.052,OECD
Spain,2003,411524.814,9.661,337700.854,OECD
Spain,2004,427387.294,9.868,354611.847,OECD
Spain,2005,442075.01,10.043,369681.3,OECD
Spain,2006,435255.584,9.731,360702.602,OECD
Spain,2007,446328.118,9.825,368546.02,OECD
Spain,2008,412136.245,8.946,336767.465,OECD
Spain,2009,372318.718,7.992,297385.075,OECD
Spain,2010,357876.018,7.626,283872.713,OECD
Spain,2011,357588.454,7.595,284729.53,OECD
Spain,2012,350317.744,7.444,278963.927,OECD
Spain,2013,323525.943,6.894,252726.123,OECD
Spain,2014,325609.359,6.961,255067.902,OECD
Spain,2015,336994.883,7.221,271694.203,OECD
Spain,2016,325465.701,6.979,260757.956,OECD
Spain,2017,338738.171,7.262,274641.963,OECD
Spain,2018,333250.407,7.137,269713.437,OECD
Spain,2019,314528.511,6.73,251498.499,OECD
Sweden,1990,71239.175,8.315,57378.338,OECD
Sweden,1991,71495.94,8.289,57752.857,OECD
Sweden,1992,71032.917,8.177,57495.155,OECD
Sweden,1993,71336.933,8.156,57536.238,OECD
Sweden,1994,73852.014,8.394,59999.754,OECD
Sweden,1995,73185.393,8.282,59414.424,OECD
Sweden,1996,77151.154,8.709,63349.951,OECD
Sweden,1997,72137.843,8.134,58251.198,OECD
Sweden,1998,72588.003,8.183,58721.858,OECD
Sweden,1999,69504.501,7.833,55857.374,OECD
Sweden,2000,68149.049,7.673,54709.803,OECD
Sweden,2001,68963.194,7.751,55637.649,OECD
Sweden,2002,69684.735,7.812,56606.994,OECD
Sweden,2003,70052.926,7.826,57188.352,OECD
Sweden,2004,69487.568,7.729,56501.179,OECD
Sweden,2005,66662.528,7.375,53884.416,OECD
Sweden,2006,66281.641,7.287,53702.639,OECD
Sweden,2007,65164.476,7.112,52970.191,OECD
Sweden,2008,62788.904,6.798,50886.839,OECD
Sweden,2009,58523.682,6.284,47252.201,OECD
Sweden,2010,64557.431,6.875,53126.353,OECD
Sweden,2011,60230.622,6.362,49257.269,OECD
Sweden,2012,57376.448,6.013,46773.851,OECD
Sweden,2013,55718.952,5.793,45205.996,OECD
Sweden,2014,53833.298,5.554,43335.944,OECD
Sweden,2015,53998.524,5.53,43602.601,OECD
Sweden,2016,53571.517,5.446,43262.009,OECD
Sweden,2017,53010.592,5.352,42593.728,OECD
Sweden,2018,52170.215,5.232,42095.408,OECD
Sweden,2019,50919.865,5.074,40936.867,OECD
Switzerland,1990,53631.099,8.061,44152.768,OECD
Switzerland,1991,55542.605,8.267,46132.169,OECD
Switzerland,1992,55304.041,8.141,46008.823,OECD
Switzerland,1993,52752.233,7.68,43600.912,OECD
Switzerland,1994,51757.116,7.46,42675.783,OECD
Switzerland,1995,52684.052,7.531,43412.719,OECD
Switzerland,1996,53380.53,7.585,44098.704,OECD
Switzerland,1997,52219.917,7.388,43037.152,OECD
Switzerland,1998,53783.449,7.584,44614.714,OECD
Switzerland,1999,53634.567,7.538,44445.861,OECD
Switzerland,2000,52931.416,7.409,43617.591,OECD
Switzerland,2001,54477.079,7.588,45082.401,OECD
Switzerland,2002,52986.028,7.338,43467.507,OECD
Switzerland,2003,54080.414,7.441,44651.905,OECD
Switzerland,2004,54688.414,7.467,45236.397,OECD
Switzerland,2005,55348.187,7.493,45788.174,OECD
Switzerland,2006,55037.796,7.38,45373.455,OECD
Switzerland,2007,53123.598,7.048,43368.09,OECD
Switzerland,2008,54541.43,7.155,44714.048,OECD
Switzerland,2009,53083.92,6.882,43534.481,OECD
Switzerland,2010,54721.379,7.008,45049.377,OECD
Switzerland,2011,50606.398,6.4,40985.444,OECD
Switzerland,2012,51946.231,6.487,42254.632,OECD
Switzerland,2013,52831.533,6.515,43185.681,OECD
Switzerland,2014,48875.414,5.956,39231.22,OECD
Switzerland,2015,48415.619,5.835,38731.004,OECD
Switzerland,2016,48709.063,5.813,39192.544,OECD
Switzerland,2017,47868.934,5.661,38182.513,OECD
Switzerland,2018,46369.711,5.439,36867.631,OECD
Switzerland,2019,46108.187,5.367,36741.865,OECD
Turkey,1990,219572.213,4.072,151508.468,OECD
Turkey,1991,226956.771,4.138,157982.005,OECD
Turkey,1992,233185.057,4.183,163922.25,OECD
Turkey,1993,240521.139,4.245,171011.163,OECD
Turkey,1994,234496.433,4.074,167433.113,OECD
Turkey,1995,247993.714,4.24,180903.047,OECD
Turkey,1996,267614.111,4.504,199521.939,OECD
Turkey,1997,278866.028,4.619,212005.568,OECD
Turkey,1998,280419.454,4.572,212040.282,OECD
Turkey,1999,277840.878,4.461,207804.163,OECD
Turkey,2000,298954.229,4.727,229790.601,OECD
Turkey,2001,280503.235,4.37,213486.094,OECD
Turkey,2002,286227.353,4.394,220977.701,OECD
Turkey,2003,305290.155,4.619,236483.893,OECD
Turkey,2004,314843.152,4.698,244464.112,OECD
Turkey,2005,337344.646,4.968,264200.797,OECD
Turkey,2006,358571.105,5.215,281649.185,OECD
Turkey,2007,391664.261,5.629,312736.708,OECD
Turkey,2008,387853.214,5.508,309321.195,OECD
Turkey,2009,395843.888,5.55,315359.638,OECD
Turkey,2010,399143.062,5.519,314380.033,OECD
Turkey,2011,428120.386,5.829,339482.252,OECD
Turkey,2012,447582.085,5.996,353666.209,OECD
Turkey,2013,439694.382,5.791,345220.584,OECD
Turkey,2014,458953.878,5.943,361675.463,OECD
Turkey,2015,473335.824,6.027,381331.943,OECD
Turkey,2016,498886.779,6.25,401239.738,OECD
Turkey,2017,524980.915,6.472,425329.23,OECD
Turkey,2018,522476.628,6.345,419436.905,OECD
Turkey,2019,506080.418,6.066,399344.914,OECD
United Kingdom,1990,794869.452,13.912,601051.581,OECD
United Kingdom,1991,804232.674,14.038,609117.473,OECD
United Kingdom,1992,783560.564,13.64,593537.154,OECD
United Kingdom,1993,764121.936,13.265,579299.794,OECD
United Kingdom,1994,754886.831,13.069,575307.539,OECD
United Kingdom,1995,748483.635,12.92,567261.642,OECD
United Kingdom,1996,770309.285,13.255,588878.287,OECD
United Kingdom,1997,744640.424,12.771,563012.009,OECD
United Kingdom,1998,742696.694,12.694,568297.769,OECD
United Kingdom,1999,712883.459,12.141,561807.162,OECD
United Kingdom,2000,711972.539,12.083,568299.684,OECD
United Kingdom,2001,714597.257,12.086,577043.474,OECD
United Kingdom,2002,694790.61,11.711,560811.368,OECD
United Kingdom,2003,701372.644,11.776,572230.702,OECD
United Kingdom,2004,697609.485,11.652,573679.402,OECD
United Kingdom,2005,690112.271,11.447,570755.837,OECD
United Kingdom,2006,683132.373,11.232,568431.437,OECD
United Kingdom,2007,671465.499,10.926,560189.705,OECD
United Kingdom,2008,650476.107,10.467,545364.518,OECD
United Kingdom,2009,594416.683,9.461,494717.774,OECD
United Kingdom,2010,608732.302,9.592,512470.561,OECD
United Kingdom,2011,563659.978,8.804,470256.489,OECD
United Kingdom,2012,580418.639,8.995,488222.992,OECD
United Kingdom,2013,566545.827,8.718,478093.9,OECD
United Kingdom,2014,526556.3,8.048,439245.835,OECD
United Kingdom,2015,509050.718,7.729,423048.801,OECD
United Kingdom,2016,484146.195,7.303,400052.087,OECD
United Kingdom,2017,473389.976,7.094,388282.694,OECD
United Kingdom,2018,466666.983,6.95,382603.64,OECD
United Kingdom,2019,453101.458,6.71,369729.951,OECD
United States,1990,6442650.626,25.554,5113454.675,OECD
United States,1991,6373621.135,25.04,5057930.94,OECD
United States,1992,6486343.836,25.24,5167480.847,OECD
United States,1993,6604349.889,25.447,5267343.06,OECD
United States,1994,6691822.829,25.518,5358824.048,OECD
United States,1995,6775860.245,25.553,5421502.465,OECD
United States,1996,6981165.376,26.017,5610581.589,OECD
United States,1997,7036508.04,25.897,5686464.995,OECD
United States,1998,7083269.267,25.741,5731049.595,OECD
United States,1999,7125399.029,25.58,5804668.919,OECD
United States,2000,7313616.493,25.961,6010508.353,OECD
United States,2001,7202956.514,25.308,5904881.595,OECD
United States,2002,7244301.889,25.217,5946770.566,OECD
United States,2003,7301363.18,25.193,6011837.495,OECD
United States,2004,7415471.108,25.365,6114006.88,OECD
United States,2005,7423031.031,25.163,6134521.473,OECD
United States,2006,7344462.848,24.666,6051668.046,OECD
United States,2007,7449616.025,24.782,6131004.158,OECD
United States,2008,7224648.98,23.806,5914077.766,OECD
United States,2009,6772000.071,22.108,5478209.686,OECD
United States,2010,6991106.343,22.624,5675786.435,OECD
United States,2011,6827402.421,21.912,5540173.478,OECD
United States,2012,6585907.766,20.971,5338698.344,OECD
United States,2013,6764669.11,21.38,5474256.77,OECD
United States,2014,6824956.709,21.417,5522807.202,OECD
United States,2015,6671112.065,20.79,5371770.557,OECD
United States,2016,6520337.839,20.186,5248023.931,OECD
United States,2017,6483291.331,19.943,5207751.278,OECD
United States,2018,6671449.401,20.396,5375490.614,OECD
United States,2019,6558345.179,19.93,5255816.207,OECD
Chile,1990,49209.468,3.707,32252.755,OECD
Chile,1991,47321.202,3.507,30600.233,OECD
Chile,1992,48984.819,3.57,31912.562,OECD
Chile,1993,51438.596,3.689,34041.635,OECD
Chile,1994,54532.768,3.849,36703.52,OECD
Chile,1995,57903.803,4.026,39875.03,OECD
Chile,1996,63845.685,4.377,45712.3,OECD
Chile,1997,71466.73,4.833,52592.522,OECD
Chile,1998,72442.962,4.837,53536.298,OECD
Chile,1999,75285.864,4.965,56063.548,OECD
Chile,2000,73001.379,4.758,53317.937,OECD
Chile,2001,71105.382,4.583,50961.71,OECD
Chile,2002,72364.803,4.614,51967.342,OECD
Chile,2003,73100.83,4.612,52697.29,OECD
Chile,2004,79173.638,4.944,57767.593,OECD
Chile,2005,80296.413,4.962,58532.582,OECD
Chile,2006,82822.355,5.064,60380.002,OECD
Chile,2007,91553.246,5.539,69233.441,OECD
Chile,2008,91393.905,5.47,70348.403,OECD
Chile,2009,88098.216,5.217,67401.09,OECD
Chile,2010,87942.075,5.154,67152.523,OECD
Chile,2011,96508.946,5.6,75930.456,OECD
Chile,2012,102424.839,5.886,81150.916,OECD
Chile,2013,102678.358,5.843,80260.563,OECD
Chile,2014,99268.127,5.59,76569.937,OECD
Chile,2015,106342.22,5.918,83042.434,OECD
Chile,2016,110156.038,6.05,86507.198,OECD
Chile,2017,111215.638,6.021,87003.011,OECD
Chile,2018,112312.62,5.997,87191.736,OECD
Chile,2019,112312.62,5.997,87191.736,OECD
Estonia,1990,41045.49,26.223,37649.839,OECD
Estonia,1991,37099.981,23.963,33823.325,OECD
Estonia,1992,27159.79,17.859,24355.259,OECD
Estonia,1993,21714.301,14.592,19403.677,OECD
Estonia,1994,22223.274,15.252,20036.425,OECD
Estonia,1995,20273.773,14.147,18212.95,OECD
Estonia,1996,21180.712,14.94,19134.482,OECD
Estonia,1997,20759.072,14.726,18645.053,OECD
Estonia,1998,19021.44,13.525,16916.908,OECD
Estonia,1999,17850.087,12.716,15911.694,OECD
Estonia,2000,17495.868,12.505,15485.187,OECD
Estonia,2001,17933.883,12.886,15866.332,OECD
Estonia,2002,17342.067,12.542,15348.893,OECD
Estonia,2003,19284.105,14.046,17234.693,OECD
Estonia,2004,19482.323,14.288,17367.835,OECD
Estonia,2005,19257.081,14.205,17156.154,OECD
Estonia,2006,18598.882,13.783,16502.336,OECD
Estonia,2007,22206.851,16.519,20021.749,OECD
Estonia,2008,20083.659,14.987,17875.386,OECD
Estonia,2009,16661.56,12.47,14488.945,OECD
Estonia,2010,21218.191,15.928,18995.251,OECD
Estonia,2011,21286.17,16.032,19090.904,OECD
Estonia,2012,20114.882,15.202,17846.305,OECD
Estonia,2013,22019.839,16.693,19737.857,OECD
Estonia,2014,21176.379,16.088,18885.241,OECD
Estonia,2015,18139.322,13.791,15859.415,OECD
Estonia,2016,19808.931,15.047,17567.318,OECD
Estonia,2017,21066.437,15.967,18788.49,OECD
Estonia,2018,20206.362,15.274,17944.52,OECD
Estonia,2019,14699.117,11.088,12380.317,OECD
Israel,1996,57653,10.629,52232,OECD
Israel,2000,67163,11.296,61067.82,OECD
Israel,2003,69819.567,11.121,62513.587,OECD
Israel,2004,70143.547,10.966,62438.656,OECD
Israel,2005,70737.357,10.834,62711.884,OECD
Israel,2006,72085.301,10.79,63741.567,OECD
Israel,2007,75306.521,10.998,66567.599,OECD
Israel,2008,76683.374,10.922,66048.146,OECD
Israel,2009,72843.847,10.131,63225.751,OECD
Israel,2010,75694.833,10.304,65088.775,OECD
Israel,2011,77842.955,10.397,67138.413,OECD
Israel,2012,83789.441,11.003,72410.992,OECD
Israel,2013,78235.475,10.115,66290.468,OECD
Israel,2014,75994.772,9.676,64285.912,OECD
Israel,2015,79125.778,9.917,66100.377,OECD
Israel,2016,78984.705,9.74,65157.621,OECD
Israel,2017,77903.682,9.45,65021.2,OECD
Israel,2018,78583.898,9.376,64776.292,OECD
Israel,2019,78583.898,9.376,64776.292,OECD
Russia,1990,3158804.343,21.411,2525517.951,Non-OECD
Russia,1991,2997928.592,20.257,2396204.964,Non-OECD
Russia,1992,2519559.578,16.993,1957886.127,Non-OECD
Russia,1993,2382405.216,16.057,1859679.401,Non-OECD
Russia,1994,2120840.38,14.296,1641616.084,Non-OECD
Russia,1995,2068333.799,13.954,1613141.141,Non-OECD
Russia,1996,2017432.58,13.629,1580375.678,Non-OECD
Russia,1997,1899548.635,12.858,1475360.211,Non-OECD
Russia,1998,1867753.704,12.675,1458367.83,Non-OECD
Russia,1999,1897296.711,12.914,1486300.503,Non-OECD
Russia,2000,1891846.01,12.922,1471259.489,Non-OECD
Russia,2001,1926302.447,13.209,1507706.569,Non-OECD
Russia,2002,1903699.11,13.109,1495693.637,Non-OECD
Russia,2003,1936360.292,13.39,1525606.991,Non-OECD
Russia,2004,1947980.21,13.52,1530694.319,Non-OECD
Russia,2005,1965384.738,13.68,1547599.053,Non-OECD
Russia,2006,2024782.86,14.12,1606541.855,Non-OECD
Russia,2007,2022728.309,14.119,1604549.406,Non-OECD
Russia,2008,2057617.561,14.364,1636923.059,Non-OECD
Russia,2009,1921605.983,13.407,1528961.075,Non-OECD
Russia,2010,2013432.446,14.033,1613113.034,Non-OECD
Russia,2011,2070533.856,14.408,1665206.778,Non-OECD
Russia,2012,2095638.943,14.554,1680104.359,Non-OECD
Russia,2013,2037755.833,14.119,1619419.684,Non-OECD
Russia,2014,2037987.26,14.088,1622588.593,Non-OECD
Russia,2015,2035889.298,14.042,1623099.849,Non-OECD
Russia,2016,2037209.582,14.023,1618598.94,Non-OECD
Russia,2017,2071543.366,14.234,1646456.968,Non-OECD
Russia,2018,2133581.603,14.64,1691646.718,Non-OECD
Russia,2019,2119432.414,14.529,1679449.327,Non-OECD
Slovenia,1990,18580.237,9.26,15082.957,OECD
Slovenia,1991,17228.31,8.581,13962.073,OECD
Slovenia,1992,17219.634,8.587,13872.606,OECD
Slovenia,1993,17468.76,8.732,14233.705,OECD
Slovenia,1994,17902.583,8.972,14628.136,OECD
Slovenia,1995,18690.985,9.387,15342.484,OECD
Slovenia,1996,19305.134,9.708,15987.079,OECD
Slovenia,1997,19851.923,9.989,16506.545,OECD
Slovenia,1998,19425.621,9.774,16035.292,OECD
Slovenia,1999,18805.729,9.461,15405.339,OECD
Slovenia,2000,18581.768,9.348,15043.127,OECD
Slovenia,2001,19851.455,9.988,16288.266,OECD
Slovenia,2002,20107.88,10.118,16547.109,OECD
Slovenia,2003,19776.004,9.948,16249.618,OECD
Slovenia,2004,20175.279,10.137,16679.951,OECD
Slovenia,2005,20433.187,10.242,16904.77,OECD
Slovenia,2006,20633.355,10.304,17150.495,OECD
Slovenia,2007,20817.429,10.346,17315.219,OECD
Slovenia,2008,21543.284,10.649,18249.874,OECD
Slovenia,2009,19378.092,9.528,16176.752,OECD
Slovenia,2010,19613.539,9.599,16431.818,OECD
Slovenia,2011,19540.393,9.526,16333.59,OECD
Slovenia,2012,18917.614,9.193,15736.752,OECD
Slovenia,2013,18220.966,8.832,15106.405,OECD
Slovenia,2014,16581.502,8.02,13540.462,OECD
Slovenia,2015,16760.947,8.092,13622.783,OECD
Slovenia,2016,17616.463,8.493,14425.252,OECD
Slovenia,2017,17696.604,8.523,14591.882,OECD
Slovenia,2018,17521.736,8.433,14493.544,OECD
Slovenia,2019,17065.451,8.21,14005.901,OECD
Latvia,1990,25868.198,9.709,19661.419,OECD
Latvia,1991,23972.125,9.049,17919.404,OECD
Latvia,1992,19200.107,7.328,14193.385,OECD
Latvia,1993,15782.963,6.111,11921.506,OECD
Latvia,1994,13831.347,5.438,10370.009,OECD
Latvia,1995,12447.949,4.962,9133.772,OECD
Latvia,1996,12502.594,5.044,9211.478,OECD
Latvia,1997,11948.959,4.871,8679.757,OECD
Latvia,1998,11450.546,4.711,8305.866,OECD
Latvia,1999,10674.14,4.433,7717.698,OECD
Latvia,2000,10059.489,4.219,7081.458,OECD
Latvia,2001,10646.482,4.514,7496.32,OECD
Latvia,2002,10617.134,4.552,7520.24,OECD
Latvia,2003,10791.904,4.68,7725.891,OECD
Latvia,2004,10759.862,4.721,7730.969,OECD
Latvia,2005,10934.36,4.855,7810.572,OECD
Latvia,2006,11414.911,5.13,8309.951,OECD
Latvia,2007,11863.26,5.397,8637.22,OECD
Latvia,2008,11416.341,5.258,8197.984,OECD
Latvia,2009,10730.918,5.003,7456.118,OECD
Latvia,2010,11820.118,5.579,8554.205,OECD
Latvia,2011,11029.888,5.268,7810.749,OECD
Latvia,2012,10851.359,5.245,7519.388,OECD
Latvia,2013,10763.411,5.263,7368.417,OECD
Latvia,2014,10671.011,5.279,7171.941,OECD
Latvia,2015,10724.859,5.369,7262.103,OECD
Latvia,2016,10716.527,5.428,7210.325,OECD
Latvia,2017,10757.136,5.513,7214.945,OECD
Latvia,2018,11260.717,5.839,7859.362,OECD
Latvia,2019,11132.135,5.838,7648.184,OECD
Lithuania,1990,47792.292,12.931,35767.734,OECD
Lithuania,1991,49786.069,13.465,37849.997,OECD
Lithuania,1992,30616.924,8.302,21201.457,OECD
Lithuania,1993,24550.929,6.688,16353.746,OECD
Lithuania,1994,23187.137,6.354,15801.144,OECD
Lithuania,1995,22201.596,6.122,15091.554,OECD
Lithuania,1996,23248.781,6.451,15773.444,OECD
Lithuania,1997,22815.563,6.373,15196.349,OECD
Lithuania,1998,23780.996,6.689,16030.578,OECD
Lithuania,1999,20968.07,5.941,13482.975,OECD
Lithuania,2000,19425.841,5.547,11876.4,OECD
Lithuania,2001,20228.953,5.824,12627.073,OECD
Lithuania,2002,20608.07,5.982,12699.159,OECD
Lithuania,2003,20776.244,6.085,12692.599,OECD
Lithuania,2004,21593.773,6.387,13287.305,OECD
Lithuania,2005,22700.121,6.788,14117.412,OECD
Lithuania,2006,22990.583,6.96,14434.079,OECD
Lithuania,2007,25170.921,7.724,15824.053,OECD
Lithuania,2008,24192.339,7.53,15202.501,OECD
Lithuania,2009,19902.229,6.284,13042.298,OECD
Lithuania,2010,20742.364,6.64,13945.089,OECD
Lithuania,2011,21338.656,6.92,14292.805,OECD
Lithuania,2012,21261.46,6.981,14345.298,OECD
Lithuania,2013,20023.996,6.655,13354.844,OECD
Lithuania,2014,19986.693,6.726,13106.691,OECD
Lithuania,2015,20283.035,6.918,13319.49,OECD
Lithuania,2016,20311.832,7.029,13351.102,OECD
Lithuania,2017,20518.877,7.211,13571.832,OECD
Lithuania,2018,20150.099,7.193,13696.228,OECD
Lithuania,2019,20367.848,7.381,13923.095,OECD
Brazil,1990,552640.82,3.709,213555,Non-OECD
Brazil,1991,574601.49,3.789,224675,Non-OECD
Brazil,1992,583848.35,3.785,226821,Non-OECD
Brazil,1993,596099.4,3.8,235656,Non-OECD
Brazil,1994,613905.5,3.851,245011,Non-OECD
Brazil,1995,638769.9,3.943,263283,Non-OECD
Brazil,1996,643708.82,3.91,282440,Non-OECD
Brazil,1997,668029.6,3.995,299443,Non-OECD
Brazil,1998,685872.35,4.04,310259,Non-OECD
Brazil,1999,702927.57,4.079,320522,Non-OECD
Brazil,2000,725162.14,4.149,331466,Non-OECD
Brazil,2001,744084.15,4.199,338212,Non-OECD
Brazil,2002,760963.1,4.238,337959,Non-OECD
Brazil,2003,778785.71,4.284,333001,Non-OECD
Brazil,2004,815887.21,4.434,349853,Non-OECD
Brazil,2005,830176.87,4.46,356897,Non-OECD
Brazil,2006,837355.38,4.45,361457,Non-OECD
Brazil,2007,843618.61,4.437,380822,Non-OECD
Brazil,2008,872592.78,4.544,402090,Non-OECD
Brazil,2009,858585.47,4.428,381380,Non-OECD
Brazil,2010,921055.1,4.706,429845,Non-OECD
Brazil,2011,954163.29,4.831,449665,Non-OECD
Brazil,2012,985944.61,4.947,483346,Non-OECD
Brazil,2013,1030985.67,5.128,516845,Non-OECD
Brazil,2014,1062897.04,5.242,541676,Non-OECD
Brazil,2015,1041676.99,5.094,515871,Non-OECD
Brazil,2016,1014702.38,4.922,478123,Non-OECD
Brazil,2017,1014702.38,4.922,478123,Non-OECD
Brazil,2018,1014702.38,4.922,478123,Non-OECD
Brazil,2019,1014702.38,4.922,478123,Non-OECD
China,1994,4057617,3.299,3073470,Non-OECD
China,2002,8015000,6.023,6381000,Non-OECD
China,2003,8015000,6.023,6381000,Non-OECD
China,2004,8015000,6.023,6381000,Non-OECD
China,2005,8015000,6.023,6381000,Non-OECD
China,2006,8015000,6.023,6381000,Non-OECD
China,2008,8015000,6.023,6381000,Non-OECD
China,2008,8015000,6.023,6381000,Non-OECD
China,2009,8015000,6.023,6381000,Non-OECD
China,2010,10543331,7.703,8707376,Non-OECD
China,2011,11895765,8.594,9893257,Non-OECD
China,2012,11895765,8.594,9893257,Non-OECD
China,2013,12300200,8.789,10274851,Non-OECD
China,2014,12300200,8.789,10274851,Non-OECD
China,2015,12300200,8.789,10274851,Non-OECD
China,2016,12300200,8.789,10274851,Non-OECD
China,2017,12300200,8.789,10274851,Non-OECD
China,2018,12300200,8.789,10274851,Non-OECD
China,2019,12300200,8.789,10274851,Non-OECD
Colombia,1990,94040.615,2.841,46319.092,OECD
Colombia,1991,97252.601,2.881,48863.689,OECD
Colombia,1992,102161.065,2.968,52724.775,OECD
Colombia,1993,103813.59,2.958,54332.482,OECD
Colombia,1994,105140.36,2.94,54680.565,OECD
Colombia,1995,106659.232,2.928,56421.18,OECD
Colombia,1996,109795.905,2.961,56652.416,OECD
Colombia,1997,114194.849,3.027,61119.86,OECD
Colombia,1998,113892.083,2.969,60536.743,OECD
Colombia,1999,108652.18,2.786,54712.251,OECD
Colombia,2000,110795.2,2.796,57107.536,OECD
Colombia,2001,109488.748,2.72,54743.956,OECD
Colombia,2002,109966.454,2.69,54000.845,OECD
Colombia,2003,113929.085,2.746,55817.922,OECD
Colombia,2004,117271.11,2.787,56816.742,OECD
Colombia,2005,122238.972,2.866,60139.258,OECD
Colombia,2006,130651.1,3.024,67710.491,OECD
Colombia,2007,131880.488,3.015,67338.377,OECD
Colombia,2008,130025.616,2.938,65140.138,OECD
Colombia,2009,137137.328,3.065,70942.858,OECD
Colombia,2010,138247.793,3.057,69488.022,OECD
Colombia,2011,133918.316,2.933,66654.323,OECD
Colombia,2012,139838.472,3.035,70854.955,OECD
Colombia,2013,147802.851,3.179,79226.718,OECD
Colombia,2014,150614.761,3.207,80619.282,OECD
Costa Rica,1990,8196.562,2.628,3134.549,OECD
Costa Rica,1991,8056.637,2.516,3146.262,OECD
Costa Rica,1992,8797.32,2.677,3890.232,OECD
Costa Rica,1993,8892.497,2.637,4080.54,OECD
Costa Rica,1994,9622.282,2.782,4861.877,OECD
Costa Rica,1995,9693.601,2.734,4934.526,OECD
Costa Rica,1996,9562.845,2.633,4790.667,OECD
Costa Rica,1997,9272.529,2.493,4719.591,OECD
Costa Rica,1998,9811.828,2.579,5246.605,OECD
Costa Rica,1999,9951.7,2.561,5364.257,OECD
Costa Rica,2000,9945.753,2.51,5403.395,OECD
Costa Rica,2001,10292.004,2.551,5735.38,OECD
Costa Rica,2002,10518.509,2.565,5851.448,OECD
Costa Rica,2003,10892.97,2.616,6148.124,OECD
Costa Rica,2004,10924.162,2.586,6105.244,OECD
Costa Rica,2005,11196.013,2.613,6339.478,OECD
Costa Rica,2006,11817.556,2.72,6956.732,OECD
Costa Rica,2007,12678.696,2.878,7673.555,OECD
Costa Rica,2008,12709.384,2.848,7642.419,OECD
Costa Rica,2009,12534.568,2.773,7340.351,OECD
Costa Rica,2010,12895.959,2.817,7549.134,OECD
Costa Rica,2011,13284.871,2.867,7846.272,OECD
Costa Rica,2012,13405.559,2.86,7901.751,OECD
Costa Rica,2013,13735.742,2.897,8255.121,OECD
Costa Rica,2014,13850.137,2.888,8282.533,OECD
Costa Rica,2015,13603.641,2.806,7959.158,OECD
Costa Rica,2016,14234.46,2.905,8501.514,OECD
Costa Rica,2017,14477.595,2.925,8655.813,OECD
India,1994,1214248,1.284,779348,Non-OECD
India,2000,1523766.56,1.442,1024772.9,Non-OECD
India,2010,2100849.73,1.702,1574362.16,Non-OECD
India,2016,2839424.95,2.144,NA,Non-OECD
India,2017,2839424.95,2.144,NA,Non-OECD
India,2018,2839424.95,2.144,NA,Non-OECD
India,2019,2839424.95,2.144,NA,Non-OECD
Indonesia,1990,266818.39,1.471,142688.19,Non-OECD
Indonesia,1991,292610.4,1.585,155100.4,Non-OECD
Indonesia,1992,306828.59,1.634,165505.55,Non-OECD
Indonesia,1993,318657.49,1.67,175681.85,Non-OECD
Indonesia,1994,334191.21,1.723,189146.31,Non-OECD
Indonesia,2000,554333.48,2.621,289527.15,Non-OECD
Indonesia,2001,537949,2.509,NA,Non-OECD
Indonesia,2002,545911,2.512,NA,Non-OECD
Indonesia,2003,559139,2.538,NA,Non-OECD
Indonesia,2004,583101,2.611,NA,Non-OECD
Indonesia,2005,590736,2.611,NA,Non-OECD
Indonesia,2006,610242,2.661,NA,Non-OECD
Indonesia,2007,607947,2.616,NA,Non-OECD
Indonesia,2008,629710,2.674,NA,Non-OECD
Indonesia,2009,628562,2.634,NA,Non-OECD
Indonesia,2010,685711,2.835,NA,Non-OECD
Indonesia,2011,726262,2.963,NA,Non-OECD
Indonesia,2012,757250,3.048,NA,Non-OECD
Indonesia,2013,796579,3.163,NA,Non-OECD
Indonesia,2014,864948,3.39,628114,Non-OECD
Indonesia,2015,907334,3.512,NA,Non-OECD
Indonesia,2016,883224,3.377,NA,Non-OECD
Indonesia,2017,883224,3.377,NA,Non-OECD
Indonesia,2018,883224,3.377,NA,Non-OECD
Indonesia,2019,883224,3.377,NA,Non-OECD
South Africa,1990,347349.36,9.439,280931.77,Non-OECD
South Africa,1994,379837.16,9.364,315957.23,Non-OECD
Argentina,1990,220240.771,6.729,100932.724,Non-OECD
Argentina,1991,230413.756,6.941,109765.393,Non-OECD
Argentina,1992,234122.379,6.957,112308.399,Non-OECD
Argentina,1993,239560.142,7.023,114520.671,Non-OECD
Argentina,1994,243598.693,7.049,120321.61,Non-OECD
Argentina,1995,244499.373,6.987,122471.459,Non-OECD
Argentina,1996,256463.932,7.241,132871.604,Non-OECD
Argentina,1997,258303.62,7.208,137246.816,Non-OECD
Argentina,1998,262725.063,7.249,141872.342,Non-OECD
Argentina,1999,264637.841,7.221,143136.26,Non-OECD
Argentina,2000,280308.986,7.564,147559.007,Non-OECD
Argentina,2001,276902.595,7.39,137059.771,Non-OECD
Argentina,2002,269315.644,7.108,130585.316,Non-OECD
Argentina,2003,286381.632,7.475,138890.166,Non-OECD
Argentina,2004,298167.359,7.699,152128.317,Non-OECD
Argentina,2005,307492.666,7.855,159546.615,Non-OECD
Argentina,2006,321462.033,8.126,169871.805,Non-OECD
Argentina,2007,335854.126,8.403,183197.355,Non-OECD
Argentina,2008,331802.165,8.217,186094.613,Non-OECD
Argentina,2009,322554.23,7.906,179865.907,Non-OECD
Argentina,2010,300695.19,7.294,188856.437,Non-OECD
Argentina,2011,310314.526,7.449,198455.959,Non-OECD
Argentina,2012,310670.242,7.38,196684.472,Non-OECD
Argentina,2013,321011.892,7.546,201531.775,Non-OECD
Argentina,2014,322554.612,7.504,200983.616,Non-OECD
Argentina,2015,322554.612,7.504,200983.616,Non-OECD
Argentina,2016,322554.612,7.504,200983.616,Non-OECD
Argentina,2017,322554.612,7.504,200983.616,Non-OECD
Argentina,2018,322554.612,7.504,200983.616,Non-OECD
Argentina,2019,322554.612,7.504,200983.616,Non-OECD
Romania,1990,247371.774,NA,170879.996,OECD
Romania,1991,204385.17,NA,140203.781,OECD
Romania,1992,189482.017,NA,130235.047,OECD
Romania,1993,179379.257,NA,121018.229,OECD
Romania,1994,176654.997,NA,119141.535,OECD
Romania,1995,183855.958,NA,124257.313,OECD
Romania,1996,186702.3,NA,127571.733,OECD
Romania,1997,179616.658,NA,116666.942,OECD
Romania,1998,163514.284,NA,104073.457,OECD
Romania,1999,145552.03,NA,88097.884,OECD
Romania,2000,138766.956,NA,92364.222,OECD
Romania,2001,142383.729,NA,97848.99,OECD
Romania,2002,143913.341,NA,98049.942,OECD
Romania,2003,149600.066,NA,102508.83,OECD
Romania,2004,147819.498,NA,101764.847,OECD
Romania,2005,146944.756,NA,100259.175,OECD
Romania,2006,148442.79,NA,103193.178,OECD
Romania,2007,145429.713,NA,101360.332,OECD
Romania,2008,140785.556,NA,98580.323,OECD
Romania,2009,121699.297,NA,81554.215,OECD
Romania,2010,116143.753,NA,77943.429,OECD
Romania,2011,123862.204,NA,86047.456,OECD
Romania,2012,121086.328,NA,83882.255,OECD
Romania,2013,111881.718,NA,74749.877,OECD
Romania,2014,112485.912,NA,75594.475,OECD
Romania,2015,113193.867,NA,76361.515,OECD
Romania,2016,110762.205,NA,74152.25,OECD
Romania,2017,114245.644,NA,77203.113,OECD
Romania,2018,115090.959,NA,77608.829,OECD
Romania,2019,111767.056,NA,74846.27,OECD
Bulgaria,1990,99978.08,NA,76698.698,OECD
Bulgaria,1991,81795.818,NA,61517.284,OECD
Bulgaria,1992,76218.375,NA,57365.193,OECD
Bulgaria,1993,75610.638,NA,58425.943,OECD
Bulgaria,1994,71519.545,NA,56403.945,OECD
Bulgaria,1995,72908.913,NA,57950.326,OECD
Bulgaria,1996,73249.268,NA,58500.87,OECD
Bulgaria,1997,70028.763,NA,55856.05,OECD
Bulgaria,1998,65922.194,NA,53174.881,OECD
Bulgaria,1999,58817.042,NA,46380.143,OECD
Bulgaria,2000,57864.273,NA,45465.687,OECD
Bulgaria,2001,60776.876,NA,48981.924,OECD
Bulgaria,2002,58130.228,NA,46156.421,OECD
Bulgaria,2003,62940.277,NA,50533.439,OECD
Bulgaria,2004,62109.495,NA,49585.121,OECD
Bulgaria,2005,62714.868,NA,50656.287,OECD
Bulgaria,2006,63377.1,NA,51894.237,OECD
Bulgaria,2007,67307.937,NA,55740.359,OECD
Bulgaria,2008,65996.587,NA,54079.063,OECD
Bulgaria,2009,57163.974,NA,45814.698,OECD
Bulgaria,2010,59796.369,NA,47860.746,OECD
Bulgaria,2011,65071.426,NA,53176.425,OECD
Bulgaria,2012,60087.121,NA,48340.677,OECD
Bulgaria,2013,54893.915,NA,42680.429,OECD
Bulgaria,2014,57987.867,NA,45216.885,OECD
Bulgaria,2015,61338.351,NA,48275.619,OECD
Bulgaria,2016,58800.908,NA,45502.398,OECD
Bulgaria,2017,61148.468,NA,47582.294,OECD
Bulgaria,2018,57281.77,NA,43637.529,OECD
Bulgaria,2019,55955.277,NA,42222.519,OECD
Ukraine,1990,942574.072,NA,705829.992,OECD
Ukraine,1991,856175.815,NA,632536.626,OECD
Ukraine,1992,801154.323,NA,589060.251,OECD
Ukraine,1993,711031.746,NA,510199.537,OECD
Ukraine,1994,604727.176,NA,419266.301,OECD
Ukraine,1995,561925.722,NA,389864.615,OECD
Ukraine,1996,515089.601,NA,351408.753,OECD
Ukraine,1997,499401.614,NA,340242.686,OECD
Ukraine,1998,480725.917,NA,328578.938,OECD
Ukraine,1999,449424.961,NA,298203.96,OECD
Ukraine,2000,427602.794,NA,285337.201,OECD
Ukraine,2001,445700.836,NA,303559.229,OECD
Ukraine,2002,430839.881,NA,295673.49,OECD
Ukraine,2003,440133.922,NA,307017.472,OECD
Ukraine,2004,442916.366,NA,310362.748,OECD
Ukraine,2005,442062.65,NA,313118.088,OECD
Ukraine,2006,459698.394,NA,332670.337,OECD
Ukraine,2007,463029.998,NA,336364.014,OECD
Ukraine,2008,450790.659,NA,325532.713,OECD
Ukraine,2009,390310.523,NA,277293.501,OECD
Ukraine,2010,407123.689,NA,294078.322,OECD
Ukraine,2011,428395.17,NA,307952.841,OECD
Ukraine,2012,417435.214,NA,303976.43,OECD
Ukraine,2013,409042.06,NA,297249.639,OECD
Ukraine,2014,362608.939,NA,257508.606,OECD
Ukraine,2015,319141.185,NA,223822.115,OECD
Ukraine,2016,337456.511,NA,234005.955,OECD
Ukraine,2017,323045.056,NA,223084.976,OECD
Ukraine,2018,339797.892,NA,232032.926,OECD
Ukraine,2019,332114.021,NA,222579.323,OECD
Peru,1994,57582.87,NA,30656.73,OECD
Peru,2000,63197,NA,32065,OECD
Peru,2010,80591.02,NA,44943.83,OECD
Peru,2012,84564,NA,48210,OECD
Kazakhstan,1990,385022.012,NA,281461.062,OECD
Kazakhstan,1991,369854.696,NA,271694.827,OECD
Kazakhstan,1992,343664.766,NA,247262.845,OECD
Kazakhstan,1993,308227.866,NA,219593.222,OECD
Kazakhstan,1994,261023.627,NA,185657.718,OECD
Kazakhstan,1995,244275.599,NA,178381.106,OECD
Kazakhstan,1996,226180.163,NA,163940.711,OECD
Kazakhstan,1997,218834.889,NA,155571.482,OECD
Kazakhstan,1998,215135.639,NA,150160.515,OECD
Kazakhstan,1999,189021.64,NA,124985.766,OECD
Kazakhstan,2000,219030.455,NA,149054.077,OECD
Kazakhstan,2001,212958.381,NA,143585.019,OECD
Kazakhstan,2002,235320.547,NA,161037.004,OECD
Kazakhstan,2003,257075.155,NA,178962.184,OECD
Kazakhstan,2004,263901.345,NA,188546.939,OECD
Kazakhstan,2005,277740.39,NA,201799.685,OECD
Kazakhstan,2006,295020.596,NA,221130.08,OECD
Kazakhstan,2007,296551.527,NA,227549.584,OECD
Kazakhstan,2008,291519.006,NA,228670.094,OECD
Kazakhstan,2009,279646.423,NA,223110.062,OECD
Kazakhstan,2010,303286.401,NA,249066.913,OECD
Kazakhstan,2011,293268.929,NA,239660.091,OECD
Kazakhstan,2012,296890.242,NA,245836.489,OECD
Kazakhstan,2013,304663.387,NA,253728.845,OECD
Kazakhstan,2014,331205.224,NA,279032.098,OECD
Kazakhstan,2015,341342.706,NA,288582.401,OECD
Kazakhstan,2016,342616.691,NA,288685.797,OECD
Kazakhstan,2017,364180.034,NA,307908.886,OECD
Kazakhstan,2018,375581.983,NA,317279.662,OECD
Kazakhstan,2019,354869.623,NA,295868.526,OECD
Saudi Arabia,1990,165268.97,10.181,138265.5,Non-OECD
Saudi Arabia,2000,296059.87,14.327,256720,Non-OECD
Saudi Arabia,2010,525332.15,19.158,471246.3,Non-OECD
Saudi Arabia,2012,548262.55,18.805,498852.8,Non-OECD
Saudi Arabia,2013,548262.55,18.805,498852.8,Non-OECD
Saudi Arabia,2014,548262.55,18.805,498852.8,Non-OECD
Saudi Arabia,2015,548262.55,18.805,498852.8,Non-OECD
Saudi Arabia,2016,548262.55,18.805,498852.8,Non-OECD
Saudi Arabia,2017,548262.55,18.805,498852.8,Non-OECD
Saudi Arabia,2018,548262.55,18.805,498852.8,Non-OECD
Saudi Arabia,2019,548262.55,18.805,498852.8,Non-OECD
Cyprus,1990,5571.026,NA,4651.68,OECD
Cyprus,1991,6072.439,NA,5141.18,OECD
Cyprus,1992,6521.868,NA,5515.863,OECD
Cyprus,1993,6798.931,NA,5759.258,OECD
Cyprus,1994,7049.134,NA,6000.649,OECD
Cyprus,1995,6985.579,NA,5872.254,OECD
Cyprus,1996,7335.593,NA,6222.419,OECD
Cyprus,1997,7430.33,NA,6310.214,OECD
Cyprus,1998,7764.266,NA,6607.266,OECD
Cyprus,1999,8035.067,NA,6873.95,OECD
Cyprus,2000,8308.587,NA,7120.33,OECD
Cyprus,2001,8257.047,NA,6994.276,OECD
Cyprus,2002,8485.659,NA,7183.619,OECD
Cyprus,2003,8878.863,NA,7574.158,OECD
Cyprus,2004,9078.743,NA,7800.745,OECD
Cyprus,2005,9205.205,NA,7954.994,OECD
Cyprus,2006,9460.794,NA,8182.561,OECD
Cyprus,2007,9789.579,NA,8501.64,OECD
Cyprus,2008,10006.336,NA,8714.141,OECD
Cyprus,2009,9772.664,NA,8468.573,OECD
Cyprus,2010,9444.391,NA,8099.604,OECD
Cyprus,2011,9150.405,NA,7786.009,OECD
Cyprus,2012,8617.649,NA,7261.686,OECD
Cyprus,2013,7918.777,NA,6581.495,OECD
Cyprus,2014,8294.175,NA,6949.659,OECD
Cyprus,2015,8336.766,NA,6970.371,OECD
Cyprus,2016,8783.934,NA,7373.018,OECD
Cyprus,2017,8969.69,NA,7523.104,OECD
Cyprus,2018,8811.43,NA,7340.346,OECD
Cyprus,2019,8841.527,NA,7339.882,OECD
Belarus,1990,139151.986,NA,103757.549,OECD
Belarus,1991,130840.885,NA,96780.435,OECD
Belarus,1992,120140.776,NA,88858.78,OECD
Belarus,1993,106923.595,NA,76555.041,OECD
Belarus,1994,89779.893,NA,62505.113,OECD
Belarus,1995,83442.942,NA,57507.956,OECD
Belarus,1996,84297.357,NA,58376.632,OECD
Belarus,1997,85109.98,NA,58919.638,OECD
Belarus,1998,86361.892,NA,57396.426,OECD
Belarus,1999,80057.933,NA,54902.271,OECD
Belarus,2000,79717.083,NA,54706.238,OECD
Belarus,2001,79870.105,NA,54770.371,OECD
Belarus,2002,78363.789,NA,54583.388,OECD
Belarus,2003,80448.438,NA,56105.032,OECD
Belarus,2004,84704.153,NA,59800.556,OECD
Belarus,2005,86798.689,NA,61126.616,OECD
Belarus,2006,90642.088,NA,63934.085,OECD
Belarus,2007,90117.01,NA,63302.926,OECD
Belarus,2008,92953.373,NA,65439.253,OECD
Belarus,2009,88814.493,NA,61044.579,OECD
Belarus,2010,90694.797,NA,62774.838,OECD
Belarus,2011,90342.296,NA,61628.921,OECD
Belarus,2012,91370.706,NA,62674.221,OECD
Belarus,2013,92264.228,NA,63237.3,OECD
Belarus,2014,91040.702,NA,62608.774,OECD
Belarus,2015,85975.454,NA,58037.502,OECD
Belarus,2016,87745.021,NA,59851.417,OECD
Belarus,2017,88542.204,NA,60115.689,OECD
Belarus,2018,89064.611,NA,60961.76,OECD
Belarus,2019,90115.696,NA,61022.455,OECD
Liechtenstein,1990,228.509,NA,198.968,OECD
Liechtenstein,1991,236.056,NA,206.326,OECD
Liechtenstein,1992,236.268,NA,206.948,OECD
Liechtenstein,1993,243.402,NA,215.032,OECD
Liechtenstein,1994,229.771,NA,201.109,OECD
Liechtenstein,1995,233.588,NA,204.2,OECD
Liechtenstein,1996,235.901,NA,205.959,OECD
Liechtenstein,1997,248.466,NA,218.366,OECD
Liechtenstein,1998,259.425,NA,229.228,OECD
Liechtenstein,1999,256.428,NA,226.555,OECD
Liechtenstein,2000,247.049,NA,216.849,OECD
Liechtenstein,2001,246.622,NA,214.66,OECD
Liechtenstein,2002,252.95,NA,220.008,OECD
Liechtenstein,2003,263.074,NA,229.34,OECD
Liechtenstein,2004,263.288,NA,229.372,OECD
Liechtenstein,2005,263.688,NA,228.953,OECD
Liechtenstein,2006,267.284,NA,231.075,OECD
Liechtenstein,2007,238.092,NA,200.738,OECD
Liechtenstein,2008,257.854,NA,219.474,OECD
Liechtenstein,2009,243.11,NA,205.331,OECD
Liechtenstein,2010,228.155,NA,190.782,OECD
Liechtenstein,2011,215.325,NA,176.737,OECD
Liechtenstein,2012,224.501,NA,185.271,OECD
Liechtenstein,2013,230.724,NA,192.495,OECD
Liechtenstein,2014,199.697,NA,161.176,OECD
Liechtenstein,2015,198.045,NA,159.621,OECD
Liechtenstein,2016,187.524,NA,149.547,OECD
Liechtenstein,2017,193.032,NA,155.279,OECD
Liechtenstein,2018,180.693,NA,142.307,OECD
Liechtenstein,2019,187.109,NA,148.4,OECD
Monaco,1990,102.734,NA,98.223,OECD
Monaco,1991,103.592,NA,98.904,OECD
Monaco,1992,109.234,NA,104.506,OECD
Monaco,1993,108.194,NA,103.591,OECD
Monaco,1994,108.889,NA,104.402,OECD
Monaco,1995,105.528,NA,101.187,OECD
Monaco,1996,109.838,NA,104.694,OECD
Monaco,1997,107.947,NA,103.178,OECD
Monaco,1998,107.159,NA,102.045,OECD
Monaco,1999,108.119,NA,102.749,OECD
Monaco,2000,108.998,NA,100.287,OECD
Monaco,2001,106.856,NA,99.977,OECD
Monaco,2002,107.182,NA,99.707,OECD
Monaco,2003,104.492,NA,97.018,OECD
Monaco,2004,100.358,NA,91.842,OECD
Monaco,2005,98.152,NA,89.814,OECD
Monaco,2006,92.661,NA,83.982,OECD
Monaco,2007,92.57,NA,82.738,OECD
Monaco,2008,93.043,NA,82.327,OECD
Monaco,2009,91.076,NA,79.204,OECD
Monaco,2010,87.917,NA,77.74,OECD
Monaco,2011,85.516,NA,74.972,OECD
Monaco,2012,87.532,NA,78.019,OECD
Monaco,2013,90.528,NA,78.787,OECD
Monaco,2014,84.889,NA,73.857,OECD
Monaco,2015,87.698,NA,76.119,OECD
Monaco,2016,86.707,NA,74.628,OECD
Monaco,2017,85.764,NA,73.014,OECD
Monaco,2018,87.133,NA,74.724,OECD
Monaco,2019,82.539,NA,71.342,OECD
Malta,1990,2595.503,NA,2408.463,OECD
Malta,1991,2450.252,NA,2255.389,OECD
Malta,1992,2519.741,NA,2314.902,OECD
Malta,1993,3106.009,NA,2891.126,OECD
Malta,1994,2889.405,NA,2669.722,OECD
Malta,1995,2685.607,NA,2460.269,OECD
Malta,1996,2809.374,NA,2578.446,OECD
Malta,1997,2824.804,NA,2586.188,OECD
Malta,1998,2790.407,NA,2545.134,OECD
Malta,1999,2877.948,NA,2627.594,OECD
Malta,2000,2813.225,NA,2545.522,OECD
Malta,2001,2939.148,NA,2665.171,OECD
Malta,2002,2990.684,NA,2707.481,OECD
Malta,2003,3271.004,NA,2979.281,OECD
Malta,2004,3161.121,NA,2846.411,OECD
Malta,2005,2985.1,NA,2654.256,OECD
Malta,2006,3040.329,NA,2665.944,OECD
Malta,2007,3136.83,NA,2738.399,OECD
Malta,2008,3076.788,NA,2747.132,OECD
Malta,2009,2892.106,NA,2532.568,OECD
Malta,2010,2968.459,NA,2579.522,OECD
Malta,2011,2972.039,NA,2576.836,OECD
Malta,2012,3181.483,NA,2760.504,OECD
Malta,2013,2871.599,NA,2444.297,OECD
Malta,2014,2905.186,NA,2448.395,OECD
Malta,2015,2220.081,NA,1740.986,OECD
Malta,2016,1902.48,NA,1405.395,OECD
Malta,2017,2060.88,NA,1559.427,OECD
Malta,2018,2041.169,NA,1538.318,OECD
Malta,2019,2174.718,NA,1669.145,OECD
Iran,1994,385433.3,NA,310645.33,OECD
Iran,2000,483669.17,NA,365908.35,OECD
Croatia,1990,31387.293,NA,22977.726,OECD
Croatia,1991,24692.089,NA,16986.189,OECD
Croatia,1992,22771.965,NA,16371.432,OECD
Croatia,1993,22721.998,NA,16807.979,OECD
Croatia,1994,21818.718,NA,16052.777,OECD
Croatia,1995,22487.301,NA,16816.449,OECD
Croatia,1996,22994.823,NA,17344.006,OECD
Croatia,1997,24398.924,NA,18557.198,OECD
Croatia,1998,24509.482,NA,19011.85,OECD
Croatia,1999,25824.043,NA,20022.95,OECD
Croatia,2000,25563.457,NA,19660.565,OECD
Croatia,2001,26739.443,NA,20783.249,OECD
Croatia,2002,27793.26,NA,21887.758,OECD
Croatia,2003,29224.136,NA,23214.314,OECD
Croatia,2004,29263.64,NA,22891.547,OECD
Croatia,2005,29730.724,NA,23345.544,OECD
Croatia,2006,30081.353,NA,23554.158,OECD
Croatia,2007,31485.74,NA,24866.343,OECD
Croatia,2008,30506.118,NA,23598.669,OECD
Croatia,2009,28151.122,NA,21808.549,OECD
Croatia,2010,27752.965,NA,21019.201,OECD
Croatia,2011,27429.598,NA,20651.988,OECD
Croatia,2012,25612.636,NA,19088.544,OECD
Croatia,2013,24330.597,NA,18435.627,OECD
Croatia,2014,23475.539,NA,17682.216,OECD
Croatia,2015,23911.92,NA,17817.233,OECD
Croatia,2016,23999.918,NA,18083.057,OECD
Croatia,2017,24737.559,NA,18718.063,OECD
Croatia,2018,23536.283,NA,17698.215,OECD
Croatia,2019,23605.021,NA,17778.838,OECD